,isin_code,date,value
493,IDN000183100,2019-11-08,706.3612
2523,IDN000183100,2019-11-11,702.7457
4369,IDN000183100,2019-11-12,705.7872
6208,IDN000183100,2019-11-13,712.3998
8049,IDN000183100,2019-11-14,707.0017
9888,IDN000183100,2019-11-15,721.1218
11528,IDN000183100,2019-11-18,710.0977
13340,IDN000183100,2019-11-19,700.9286
15204,IDN000183100,2019-11-20,694.3316
17040,IDN000183100,2019-11-21,682.0688
18846,IDN000183100,2019-11-22,665.8162
20716,IDN000183100,2019-11-25,673.7701
22534,IDN000183100,2019-11-26,668.6076
24396,IDN000183100,2019-11-27,657.2951
26237,IDN000183100,2019-11-28,637.2353
28101,IDN000183100,2019-11-29,647.2578
30219,IDN000183100,2019-12-02,666.72
32064,IDN000183100,2019-12-03,656.7246
33915,IDN000183100,2019-12-04,646.9586
35757,IDN000183100,2019-12-05,641.2618
37618,IDN000183100,2019-12-06,633.8984
39478,IDN000183100,2019-12-09,604.157
41096,IDN000183100,2019-12-10,599.7481
43162,IDN000183100,2019-12-11,603.5713
45013,IDN000183100,2019-12-12,590.4463
46859,IDN000183100,2019-12-13,591.1661
48479,IDN000183100,2019-12-16,587.4248
50334,IDN000183100,2019-12-17,598.1966
52180,IDN000183100,2019-12-18,605.2013
54032,IDN000183100,2019-12-19,619.1299
55891,IDN000183100,2019-12-20,620.6459
57757,IDN000183100,2019-12-23,614.447
59606,IDN000183100,2019-12-26,609.9987
61453,IDN000183100,2019-12-27,627.1995
63312,IDN000183100,2019-12-30,650.4847
65440,IDN000183100,2020-01-02,644.0604
67280,IDN000183100,2020-01-03,640.1918
69130,IDN000183100,2020-01-06,620.057
70973,IDN000183100,2020-01-07,617.0444
72820,IDN000183100,2020-01-08,582.8975
74671,IDN000183100,2020-01-09,582.6499
76521,IDN000183100,2020-01-10,584.3318
78136,IDN000183100,2020-01-13,577.4646
79990,IDN000183100,2020-01-14,578.0856
81843,IDN000183100,2020-01-15,579.2262
83694,IDN000183100,2020-01-16,586.4899
85545,IDN000183100,2020-01-17,587.4383
87627,IDN000183100,2020-01-20,584.2657
89477,IDN000183100,2020-01-21,587.8293
91329,IDN000183100,2020-01-22,587.4186
93179,IDN000183100,2020-01-23,593.8932
95031,IDN000183100,2020-01-24,603.7843
96649,IDN000183100,2020-01-27,584.8229
98497,IDN000183100,2020-01-28,582.8073
100347,IDN000183100,2020-01-29,602.9671
102196,IDN000183100,2020-01-30,594.7768
104068,IDN000183100,2020-01-31,625.9234
106215,IDN000183100,2020-02-03,622.4654
108064,IDN000183100,2020-02-04,625.2187
109916,IDN000183100,2020-02-05,609.8027
111762,IDN000183100,2020-02-06,610.4007
113604,IDN000183100,2020-02-07,613.68
115236,IDN000183100,2020-02-10,604.6266
117084,IDN000183100,2020-02-11,603.2072
118931,IDN000183100,2020-02-12,596.8698
120746,IDN000183100,2020-02-13,591.1313
122620,IDN000183100,2020-02-14,589.3552
124696,IDN000183100,2020-02-17,601.7398
126539,IDN000183100,2020-02-18,608.2384
128376,IDN000183100,2020-02-19,610.0508
130215,IDN000183100,2020-02-20,610.7682
132055,IDN000183100,2020-02-21,597.3043
133659,IDN000183100,2020-02-24,628.0225
135498,IDN000183100,2020-02-25,614.3718
137345,IDN000183100,2020-02-26,600.7354
139190,IDN000183100,2020-02-27,592.1651
141058,IDN000183100,2020-02-28,589.2761
143204,IDN000183100,2020-03-02,583.0627
145057,IDN000183100,2020-03-03,580.782
146906,IDN000183100,2020-03-04,587.6248
148754,IDN000183100,2020-03-05,581.644
150607,IDN000183100,2020-03-06,571.0677
152216,IDN000183100,2020-03-09,545.641
154057,IDN000183100,2020-03-10,544.6988
155893,IDN000183100,2020-03-11,532.3505
157741,IDN000183100,2020-03-12,495.0123
159577,IDN000183100,2020-03-13,472.3546
161665,IDN000183100,2020-03-16,459.5183
163506,IDN000183100,2020-03-17,441.3786
165343,IDN000183100,2020-03-18,436.8833
167178,IDN000183100,2020-03-19,416.5989
169015,IDN000183100,2020-03-20,439.2198
170855,IDN000183100,2020-03-23,416.6565
172693,IDN000183100,2020-03-24,415.329
174525,IDN000183100,2020-03-26,441.7824
176354,IDN000183100,2020-03-27,441.7302
178193,IDN000183100,2020-03-30,426.308
180053,IDN000183100,2020-03-31,444.9178
181918,IDN000183100,2020-04-01,437.3091
183741,IDN000183100,2020-04-02,448.4094
185560,IDN000183100,2020-04-03,478.3479
187356,IDN000183100,2020-04-06,497.2419
189209,IDN000183100,2020-04-07,488.4152
191030,IDN000183100,2020-04-08,477.4955
192824,IDN000183100,2020-04-09,480.4284
194683,IDN000183100,2020-04-13,479.4392
196506,IDN000183100,2020-04-14,490.0725
198330,IDN000183100,2020-04-15,484.3233
200160,IDN000183100,2020-04-16,473.852
201986,IDN000183100,2020-04-17,482.3256
203563,IDN000183100,2020-04-20,476.2192
205388,IDN000183100,2020-04-21,472.2509
207206,IDN000183100,2020-04-22,496.7151
209022,IDN000183100,2020-04-23,509.3263
210841,IDN000183100,2020-04-24,496.7688
212659,IDN000183100,2020-04-27,498.6439
214475,IDN000183100,2020-04-28,515.1332
216286,IDN000183100,2020-04-29,522.6
218118,IDN000183100,2020-04-30,529.7764
219992,IDN000183100,2020-05-04,513.6882
221806,IDN000183100,2020-05-05,513.1946
223619,IDN000183100,2020-05-06,505.2465
225437,IDN000183100,2020-05-08,505.388
227248,IDN000183100,2020-05-11,500.0826
229062,IDN000183100,2020-05-12,497.0415
230874,IDN000183100,2020-05-13,488.6221
232686,IDN000183100,2020-05-14,479.3588
234496,IDN000183100,2020-05-15,482.3224
236311,IDN000183100,2020-05-18,477.1926
238121,IDN000183100,2020-05-19,485.075
239927,IDN000183100,2020-05-20,488.494
241728,IDN000183100,2020-05-26,501.4235
243795,IDN000183100,2020-05-27,502.6566
245597,IDN000183100,2020-05-28,505.4353
247443,IDN000183100,2020-05-29,505.9235
249279,IDN000183100,2020-06-02,511.7162
251082,IDN000183100,2020-06-03,512.0421
252882,IDN000183100,2020-06-04,511.0712
254657,IDN000183100,2020-06-05,522.6387
256483,IDN000183100,2020-06-08,541.1412
258276,IDN000183100,2020-06-09,526.4234
260066,IDN000183100,2020-06-10,508.47
261862,IDN000183100,2020-06-11,502.887
264728,IDN000183100,2020-06-12,503.0173
265454,IDN000183100,2020-06-15,502.7531
267252,IDN000183100,2020-06-16,524.3672
269046,IDN000183100,2020-06-17,518.9202
270843,IDN000183100,2020-06-18,512.2014
272672,IDN000183100,2020-06-19,516.9637
274513,IDN000183100,2020-06-22,516.7672
276355,IDN000183100,2020-06-23,516.6245
278196,IDN000183100,2020-06-24,517.43
280043,IDN000183100,2020-06-25,506.5629
281892,IDN000183100,2020-06-26,503.5095
283742,IDN000183100,2020-06-29,503.2159
285601,IDN000183100,2020-06-30,503.5843
287470,IDN000183100,2020-07-01,500.7053
289315,IDN000183100,2020-07-02,505.9551
291158,IDN000183100,2020-07-03,508.9665
292709,IDN000183100,2020-07-06,506.6299
294597,IDN000183100,2020-07-07,508.7179
296453,IDN000183100,2020-07-08,511.3569
298302,IDN000183100,2020-07-09,508.8135
300154,IDN000183100,2020-07-10,505.3741
302007,IDN000183100,2020-07-13,509.0315
303854,IDN000183100,2020-07-14,509.8091
305697,IDN000183100,2020-07-15,510.639
307543,IDN000183100,2020-07-16,512.2623
309387,IDN000183100,2020-07-17,512.6211
311227,IDN000183100,2020-07-20,509.5106
313069,IDN000183100,2020-07-21,513.3281
314908,IDN000183100,2020-07-22,521.6347
316750,IDN000183100,2020-07-23,525.2856
318593,IDN000183100,2020-07-24,523.145
320437,IDN000183100,2020-07-27,523.3219
322299,IDN000183100,2020-07-28,515.9929
324151,IDN000183100,2020-07-29,515.4445
326007,IDN000183100,2020-07-30,520.7011
327889,IDN000183100,2020-08-03,506.2042
329736,IDN000183100,2020-08-04,506.6635
331589,IDN000183100,2020-08-05,513.9454
333435,IDN000183100,2020-08-06,515.3277
335284,IDN000183100,2020-08-07,512.4958
337131,IDN000183100,2020-08-10,514.7655
338980,IDN000183100,2020-08-11,521.1187
340826,IDN000183100,2020-08-12,519.5884
342678,IDN000183100,2020-08-13,515.761
344525,IDN000183100,2020-08-14,518.4273
346373,IDN000183100,2020-08-18,521.8163
348223,IDN000183100,2020-08-19,518.7082
350063,IDN000183100,2020-08-24,517.4958
351903,IDN000183100,2020-08-25,524.5357
353767,IDN000183100,2020-08-26,524.6194
355613,IDN000183100,2020-08-27,520.3836
357467,IDN000183100,2020-08-28,515.443
359643,IDN000183100,2020-08-31,510.3866
361516,IDN000183100,2020-09-01,514.1402
363370,IDN000183100,2020-09-02,513.6744
365220,IDN000183100,2020-09-03,508.2314
367070,IDN000183100,2020-09-04,501.5374
370003,IDN000183100,2020-09-07,505.1674
370775,IDN000183100,2020-09-08,510.9576
372624,IDN000183100,2020-09-09,506.2972
374471,IDN000183100,2020-09-10,483.9314
376316,IDN000183100,2020-09-11,491.1546
378159,IDN000183100,2020-09-14,505.9963
380002,IDN000183100,2020-09-15,499.2657
381771,IDN000183100,2020-09-16,506.4644
383680,IDN000183100,2020-09-17,502.5773
385516,IDN000183100,2020-09-18,502.4037
387351,IDN000183100,2020-09-21,492.6542
389185,IDN000183100,2020-09-22,489.8832
391017,IDN000183100,2020-09-23,489.7386
392853,IDN000183100,2020-09-24,484.4795
394689,IDN000183100,2020-09-25,493.3501
396523,IDN000183100,2020-09-28,496.8865
398357,IDN000183100,2020-09-29,490.4979
400193,IDN000183100,2020-09-30,496.0441
402042,IDN000183100,2020-10-01,505.5452
403868,IDN000183100,2020-10-02,506.7387
405377,IDN000183100,2020-10-05,516.8407
407205,IDN000183100,2020-10-06,520.9884
409033,IDN000183100,2020-10-07,515.971
410865,IDN000183100,2020-10-08,517.6787
412688,IDN000183100,2020-10-09,516.4149
414525,IDN000183100,2020-10-12,518.7678
416354,IDN000183100,2020-10-13,521.4787
418184,IDN000183100,2020-10-14,524.5304
419997,IDN000183100,2020-10-15,523.7473
421842,IDN000183100,2020-10-16,521.7936
423668,IDN000183100,2020-10-19,525.9985
425498,IDN000183100,2020-10-20,524.2874
427328,IDN000183100,2020-10-21,521.8561
429154,IDN000183100,2020-10-22,535.3549
430982,IDN000183100,2020-10-23,533.0194
432807,IDN000183100,2020-10-26,535.0672
434635,IDN000183100,2020-10-27,532.5203
436486,IDN000183100,2020-11-02,529.0079
438308,IDN000183100,2020-11-03,531.4335
440128,IDN000183100,2020-11-04,524.8593
441942,IDN000183100,2020-11-05,537.0757
443750,IDN000183100,2020-11-06,548.4971
445890,IDN000183100,2020-11-09,549.772
447697,IDN000183100,2020-11-10,559.0607
449506,IDN000183100,2020-11-11,561.0462
451310,IDN000183100,2020-11-12,563.4918
453114,IDN000183100,2020-11-13,560.0106
454911,IDN000183100,2020-11-16,563.1144
456708,IDN000183100,2020-11-17,566.2456
458496,IDN000183100,2020-11-18,569.2785
460210,IDN000183100,2020-11-19,574.3171
462087,IDN000183100,2020-11-20,575.1907
463887,IDN000183100,2020-11-23,580.9647
465680,IDN000183100,2020-11-24,584.134
467480,IDN000183100,2020-11-25,580.2672
469275,IDN000183100,2020-11-26,587.6526
471077,IDN000183100,2020-11-27,588.9491
472882,IDN000183100,2020-11-30,576.0927
474688,IDN000183100,2020-12-01,585.9851
476477,IDN000183100,2020-12-02,598.0191
478258,IDN000183100,2020-12-03,598.8507
480047,IDN000183100,2020-12-04,596.6455
481511,IDN000183100,2020-12-07,616.7202
483296,IDN000183100,2020-12-08,610.0878
485078,IDN000183100,2020-12-10,612.3551
486853,IDN000183100,2020-12-11,612.926
488637,IDN000183100,2020-12-14,611.6095
490415,IDN000183100,2020-12-15,610.8363
492190,IDN000183100,2020-12-16,618.8276
493965,IDN000183100,2020-12-17,617.3157
495739,IDN000183100,2020-12-18,615.4606
497511,IDN000183100,2020-12-21,634.554
499280,IDN000183100,2020-12-22,614.6835
501048,IDN000183100,2020-12-23,609.4666
502812,IDN000183100,2020-12-28,620.7967
504574,IDN000183100,2020-12-29,613.1137
506345,IDN000183100,2020-12-30,597.3254
508112,IDN000183100,2021-01-04,606.0986
509867,IDN000183100,2021-01-05,606.6542
511973,IDN000183100,2021-01-06,599.5802
513737,IDN000183100,2021-01-07,610.8292
515505,IDN000183100,2021-01-08,617.8382
517261,IDN000183100,2021-01-11,617.2894
519033,IDN000183100,2021-01-12,612.0092
520797,IDN000183100,2021-01-13,614.2212
522561,IDN000183100,2021-01-14,613.6055
524325,IDN000183100,2021-01-15,604.9494
526048,IDN000183100,2021-01-18,591.5564
527851,IDN000183100,2021-01-19,581.3844
529615,IDN000183100,2021-01-20,591.9233
531376,IDN000183100,2021-01-21,594.5124
533137,IDN000183100,2021-01-22,579.0404
534897,IDN000183100,2021-01-25,568.986
536657,IDN000183100,2021-01-26,572.4957
538413,IDN000183100,2021-01-27,566.005
540170,IDN000183100,2021-01-28,553.2021
541934,IDN000183100,2021-01-29,545.7258
543635,IDN000183100,2021-02-01,568.1866
545447,IDN000183100,2021-02-02,588.3466
547201,IDN000183100,2021-02-03,605.9406
548949,IDN000183100,2021-02-04,603.9072
550696,IDN000183100,2021-02-05,614.5926
552129,IDN000183100,2021-02-08,619.8573
553877,IDN000183100,2021-02-09,612.3272
555624,IDN000183100,2021-02-10,609.3583
557377,IDN000183100,2021-02-11,610.337
559125,IDN000183100,2021-02-15,620.8703
560876,IDN000183100,2021-02-16,626.9142
562621,IDN000183100,2021-02-17,617.9402
564368,IDN000183100,2021-02-18,610.2898
566116,IDN000183100,2021-02-19,607.8598
567864,IDN000183100,2021-02-22,601.6759
569610,IDN000183100,2021-02-23,604.9592
571342,IDN000183100,2021-02-24,589.617
573083,IDN000183100,2021-02-25,595.7954
574829,IDN000183100,2021-02-26,595.9195
576599,IDN000183100,2021-03-01,592.1926
578340,IDN000183100,2021-03-02,592.2267
580080,IDN000183100,2021-03-03,591.2051
581820,IDN000183100,2021-03-04,585.3006
583565,IDN000183100,2021-03-05,581.1004
585631,IDN000183100,2021-03-08,589.387
587378,IDN000183100,2021-03-09,583.2439
589123,IDN000183100,2021-03-10,590.2788
590849,IDN000183100,2021-03-12,603.5968
592608,IDN000183100,2021-03-15,598.4617
594364,IDN000183100,2021-03-16,596.954
596103,IDN000183100,2021-03-17,593.552
597842,IDN000183100,2021-03-18,594.569
599579,IDN000183100,2021-03-19,593.8849
601317,IDN000183100,2021-03-22,595.9084
603054,IDN000183100,2021-03-23,588.1016
604790,IDN000183100,2021-03-24,578.1305
606527,IDN000183100,2021-03-25,576.2544
608267,IDN000183100,2021-03-26,581.5028
610007,IDN000183100,2021-03-29,584.8095
611747,IDN000183100,2021-03-30,580.9071
613488,IDN000183100,2021-03-31,573.6614
615245,IDN000183100,2021-04-01,572.573
616656,IDN000183100,2021-04-05,572.6591
618390,IDN000183100,2021-04-06,576.7864
620122,IDN000183100,2021-04-07,575.2329
621854,IDN000183100,2021-04-08,582.307
623585,IDN000183100,2021-04-09,580.5074
625312,IDN000183100,2021-04-12,572.0068
627036,IDN000183100,2021-04-13,564.9167
628755,IDN000183100,2021-04-14,572.9372
630478,IDN000183100,2021-04-15,570.2067
632199,IDN000183100,2021-04-16,567.467
633919,IDN000183100,2021-04-19,562.8078
635638,IDN000183100,2021-04-20,561.6857
637352,IDN000183100,2021-04-21,559.6051
639063,IDN000183100,2021-04-22,556.5421
640771,IDN000183100,2021-04-23,559.4911
642478,IDN000183100,2021-04-26,555.456
644185,IDN000183100,2021-04-27,557.9506
645889,IDN000183100,2021-04-28,560.9265
647914,IDN000183100,2021-04-29,564.5671
649626,IDN000183100,2021-04-30,569.2589
651343,IDN000183100,2021-05-03,561.9654
653049,IDN000183100,2021-05-04,563.0618
654750,IDN000183100,2021-05-05,564.4215
656436,IDN000183100,2021-05-06,561.4802
658109,IDN000183100,2021-05-07,555.5036
659792,IDN000183100,2021-05-10,555.9898
661474,IDN000183100,2021-05-11,551.9283
663146,IDN000183100,2021-05-17,536.1227
664812,IDN000183100,2021-05-18,536.5994
666479,IDN000183100,2021-05-19,528.7644
668143,IDN000183100,2021-05-20,535.5629
669805,IDN000183100,2021-05-21,533.8389
671469,IDN000183100,2021-05-24,525.1226
672842,IDN000183100,2021-05-25,529.7595
674794,IDN000183100,2021-05-27,531.6029
676454,IDN000183100,2021-05-28,538.4692
678104,IDN000183100,2021-05-31,545.4124
679696,IDN000183100,2021-06-02,549.9376
681370,IDN000183100,2021-06-03,554.43
683087,IDN000183100,2021-06-04,549.1329
684744,IDN000183100,2021-06-07,546.0493
686402,IDN000183100,2021-06-08,544.2444
688061,IDN000183100,2021-06-09,548.1683
689718,IDN000183100,2021-06-10,551.0293
691373,IDN000183100,2021-06-11,547.9283
693028,IDN000183100,2021-06-14,545.8143
694682,IDN000183100,2021-06-15,560.5965
696337,IDN000183100,2021-06-16,559.5723
697992,IDN000183100,2021-06-17,557.8897
699647,IDN000183100,2021-06-18,551.1988
701285,IDN000183100,2021-06-21,546.0257
702956,IDN000183100,2021-06-22,563.9617
704564,IDN000183100,2021-06-23,560.4851
706265,IDN000183100,2021-06-24,557.4273
707923,IDN000183100,2021-06-25,556.4547
709573,IDN000183100,2021-06-28,547.3582
711225,IDN000183100,2021-06-29,544.5039
712893,IDN000183100,2021-06-30,553.7692
714559,IDN000183100,2021-07-01,554.6971
716218,IDN000183100,2021-07-02,551.2305
717869,IDN000183100,2021-07-05,544.5681
719515,IDN000183100,2021-07-06,552.569
721162,IDN000183100,2021-07-07,551.428
722804,IDN000183100,2021-07-08,550.0039
724165,IDN000183100,2021-07-09,551.0344
726093,IDN000183100,2021-07-12,549.1263
727738,IDN000183100,2021-07-13,545.1467
729380,IDN000183100,2021-07-14,540.9912
731026,IDN000183100,2021-07-15,545.1679
732670,IDN000183100,2021-07-16,554.6694
734314,IDN000183100,2021-07-19,549.9591
735960,IDN000183100,2021-07-21,543.2858
737605,IDN000183100,2021-07-22,554.3908
739255,IDN000183100,2021-07-23,555.4709
740902,IDN000183100,2021-07-26,553.2323
742549,IDN000183100,2021-07-27,558.4076
744196,IDN000183100,2021-07-28,558.1184
745845,IDN000183100,2021-07-29,570.5801
747501,IDN000183100,2021-07-30,574.8717
749153,IDN000183100,2021-08-02,575.6268
750519,IDN000183100,2021-08-03,578.1038
752163,IDN000183100,2021-08-04,579.6788
753805,IDN000183100,2021-08-05,578.19
755447,IDN000183100,2021-08-06,578.3572
757391,IDN000183100,2021-08-09,573.0823
759032,IDN000183100,2021-08-10,565.6469
760671,IDN000183100,2021-08-12,573.3901
762311,IDN000183100,2021-08-13,577.1694
763951,IDN000183100,2021-08-16,569.3598
765595,IDN000183100,2021-08-18,573.7123
767233,IDN000183100,2021-08-19,562.5966
768873,IDN000183100,2021-08-20,565.7597
770512,IDN000183100,2021-08-23,575.684
772150,IDN000183100,2021-08-24,574.602
773787,IDN000183100,2021-08-25,569.508
775423,IDN000183100,2021-08-26,567.2134
777059,IDN000183100,2021-08-27,566.8492
778696,IDN000183100,2021-08-30,569.5775
780337,IDN000183100,2021-08-31,566.2569
781984,IDN000183100,2021-09-01,558.347
783618,IDN000183100,2021-09-02,555.4989
785248,IDN000183100,2021-09-03,556.5889
786874,IDN000183100,2021-09-06,563.3438
788233,IDN000183100,2021-09-07,557.6028
790151,IDN000183100,2021-09-08,545.8034
791785,IDN000183100,2021-09-09,549.4847
793413,IDN000183100,2021-09-10,553.9769
795041,IDN000183100,2021-09-13,554.4976
796664,IDN000183100,2021-09-14,559.1317
798295,IDN000183100,2021-09-15,557.9757
799917,IDN000183100,2021-09-16,567.4095
801538,IDN000183100,2021-09-17,569.1415
803161,IDN000183100,2021-09-20,559.3305
804688,IDN000183100,2021-09-21,563.514
806346,IDN000183100,2021-09-22,568.8428
807979,IDN000183100,2021-09-23,569.6756
809609,IDN000183100,2021-09-24,567.6357
811232,IDN000183100,2021-09-27,565.3801
812777,IDN000183100,2021-09-28,561.9448
814469,IDN000183100,2021-09-29,561.2626
816096,IDN000183100,2021-09-30,570.3271
817740,IDN000183100,2021-10-01,561.6203
819345,IDN000183100,2021-10-04,569.738
820980,IDN000183100,2021-10-05,562.5536
822601,IDN000183100,2021-10-06,568.0145
824217,IDN000183100,2021-10-07,565.1537
825841,IDN000183100,2021-10-08,570.9926
827455,IDN000183100,2021-10-11,566.2314
828975,IDN000183100,2021-10-12,565.5114
830679,IDN000183100,2021-10-13,562.2496
832246,IDN000183100,2021-10-14,566.2391
833605,IDN000183100,2021-10-15,566.0605
835500,IDN000183100,2021-10-18,572.6405
837037,IDN000183100,2021-10-19,572.0898
838714,IDN000183100,2021-10-21,574.5368
840319,IDN000183100,2021-10-22,579.1282
841633,IDN000183100,2021-10-25,580.1024
843450,IDN000183100,2021-10-26,578.4979
845117,IDN000183100,2021-10-27,576.5162
846669,IDN000183100,2021-10-28,566.7292
848280,IDN000183100,2021-10-29,575.4235
849665,IDN000183100,2021-11-01,572.6587
851273,IDN000183100,2021-11-02,568.4518
852880,IDN000183100,2021-11-03,568.1944
854486,IDN000183100,2021-11-04,567.5394
856090,IDN000183100,2021-11-05,566.1358
858887,IDN000183100,2021-11-08,567.9046
859638,IDN000183100,2021-11-09,573.207
861245,IDN000183100,2021-11-10,573.8712
863708,IDN000183100,2021-11-11,574.5624
864456,IDN000183100,2021-11-12,575.8441
866623,IDN000183100,2021-11-15,572.9682
867379,IDN000183100,2021-11-16,580.2894
868985,IDN000183100,2021-11-17,579.0296
870594,IDN000183100,2021-11-18,576.7858
872207,IDN000183100,2021-11-19,580.8104
874104,IDN000183100,2021-11-22,580.1433
875715,IDN000183100,2021-11-23,579.5824
877311,IDN000183100,2021-11-24,583.6988
878935,IDN000183100,2021-11-25,582.5062
880540,IDN000183100,2021-11-26,572.0688
885485,IDN000183100,2021-11-29,573.7899
887161,IDN000183100,2021-11-30,571.0257
888780,IDN000183100,2021-12-01,568.6209
890466,IDN000183100,2021-12-02,567.8089
892117,IDN000183100,2021-12-03,572.0082
894074,IDN000183100,2021-12-06,571.1013
895596,IDN000183100,2021-12-07,579.4955
897182,IDN000183100,2021-12-08,577.9198
898791,IDN000183100,2021-12-09,585.6989
900535,IDN000183100,2021-12-10,585.2666
902630,IDN000183100,2021-12-13,585.4997
903525,IDN000183100,2021-12-14,588.2459
905196,IDN000183100,2021-12-15,590.6223
906852,IDN000183100,2021-12-16,585.4441
909709,IDN000183100,2021-12-17,588.7338
910832,IDN000183100,2021-12-20,583.4907
911890,IDN000183100,2021-12-21,572.9342
914497,IDN000183100,2021-12-22,572.044
915943,IDN000183100,2021-12-23,584.2048
917073,IDN000183100,2021-12-24,578.9436
919570,IDN000183100,2021-12-27,583.9506
920893,IDN000183100,2021-12-28,584.591
922375,IDN000183100,2021-12-29,584.019
924183,IDN000183100,2021-12-30,586.7266
925859,IDN000183100,2022-01-03,593.554
926552,IDN000183100,2022-01-04,589.0954
929067,IDN000183100,2022-01-05,582.6216
930087,IDN000183100,2022-01-06,576.0903
931918,IDN000183100,2022-01-07,579.0212
933470,IDN000183100,2022-01-10,578.7882
934821,IDN000183100,2022-01-11,570.1681
937534,IDN000183100,2022-01-12,576.7676
938819,IDN000183100,2022-01-13,579.0882
940518,IDN000183100,2022-01-14,575.5469
942052,IDN000183100,2022-01-17,571.9252
943837,IDN000183100,2022-01-18,573.4788
945334,IDN000183100,2022-01-19,570.9564
946437,IDN000183100,2022-01-20,569.2183
949065,IDN000183100,2022-01-21,576.3512
950145,IDN000183100,2022-01-24,577.2862
951200,IDN000183100,2022-01-25,569.812
953335,IDN000183100,2022-01-26,565.666
954436,IDN000183100,2022-01-27,565.5346
956065,IDN000183100,2022-01-28,563.7384
958196,IDN000183100,2022-01-31,570.1932
959840,IDN000183100,2022-02-02,577.9705
961845,IDN000183100,2022-02-03,575.6492
962842,IDN000183100,2022-02-04,579.5592
964237,IDN000183100,2022-02-07,590.4715
966571,IDN000183100,2022-02-08,585.2769
967484,IDN000183100,2022-02-09,592.0571
969135,IDN000183100,2022-02-10,597.5676
970754,IDN000183100,2022-02-11,590.0678
973025,IDN000183100,2022-02-14,577.0421
974921,IDN000183100,2022-02-15,578.8596
976495,IDN000183100,2022-02-16,578.806
978248,IDN000183100,2022-02-17,574.327
979035,IDN000183100,2022-02-18,576.5524
981496,IDN000183100,2022-02-21,572.9546
981986,IDN000183100,2022-02-22,572.6749
983669,IDN000183100,2022-02-23,573.5121
986266,IDN000183100,2022-02-24,559.8016
987724,IDN000183100,2022-02-25,556.2243
989676,IDN000183100,2022-03-01,565.359
990308,IDN000183100,2022-03-02,563.4519
992463,IDN000183100,2022-03-04,560.5407
993297,IDN000183100,2022-03-07,553.3162
994899,IDN000183100,2022-03-08,549.0218
996566,IDN000183100,2022-03-09,559.8248
999341,IDN000183100,2022-03-10,572.2671
1000313,IDN000183100,2022-03-11,572.8107
1002289,IDN000183100,2022-03-14,578.6882
1003379,IDN000183100,2022-03-15,573.6914
1005237,IDN000183100,2022-03-16,581.1906
1006850,IDN000183100,2022-03-17,578.7745
1008503,IDN000183100,2022-03-18,584.3792
1010081,IDN000183100,2022-03-21,586.347
1011846,IDN000183100,2022-03-22,585.9143
1012583,IDN000183100,2022-03-23,587.5516
1014310,IDN000183100,2022-03-24,595.9103
1015881,IDN000183100,2022-03-25,605.1306
1017901,IDN000183100,2022-03-28,608.4975
1019762,IDN000183100,2022-03-29,607.8684
1021360,IDN000183100,2022-03-30,608.8662
1022897,IDN000183100,2022-03-31,610.8139
1024864,IDN000183100,2022-04-01,606.8293
1026257,IDN000183100,2022-04-04,612.9752
1028254,IDN000183100,2022-04-05,613.2012
1029529,IDN000183100,2022-04-06,612.1475
1031303,IDN000183100,2022-04-07,611.7627
1033092,IDN000183100,2022-04-08,614.6807
1034202,IDN000183100,2022-04-11,614.8414
1035887,IDN000183100,2022-04-12,612.646
1037738,IDN000183100,2022-04-13,614.0051
1039514,IDN000183100,2022-04-14,609.4906
1040510,IDN000183100,2022-04-18,610.0047
1042722,IDN000183100,2022-04-19,619.336
1044277,IDN000183100,2022-04-20,618.1167
1044791,IDN000183100,2022-04-21,624.2018
1047381,IDN000183100,2022-04-22,618.472
1049042,IDN000183100,2022-04-25,619.2559
1050639,IDN000183100,2022-04-26,630.3243
1052241,IDN000183100,2022-04-27,630.67
1053912,IDN000183100,2022-04-28,630.4967
1055141,IDN000183100,2022-05-09,622.1888
1056705,IDN000183100,2022-05-10,622.2391
1058546,IDN000183100,2022-05-11,638.6565
1059177,IDN000183100,2022-05-12,622.0772
1060786,IDN000183100,2022-05-13,626.8908
1063446,IDN000183100,2022-05-17,637.5401
1064601,IDN000183100,2022-05-18,651.7574
1065746,IDN000183100,2022-05-19,655.244
1068313,IDN000183100,2022-05-20,655.6685
1068705,IDN000183100,2022-05-23,652.4443
1070418,IDN000183100,2022-05-24,651.1393
1071987,IDN000183100,2022-05-25,655.5703
1073490,IDN000183100,2022-05-27,661.9289
1076101,IDN000183100,2022-05-30,668.1121
1076711,IDN000183100,2022-05-31,672.5627
1078905,IDN000183100,2022-06-02,669.0784
1080996,IDN000183100,2022-06-03,667.9103
1082189,IDN000183100,2022-06-06,669.8807
1082962,IDN000183100,2022-06-07,672.7631
1085572,IDN000183100,2022-06-08,679.1486
1087319,IDN000183100,2022-06-09,686.1257
1088454,IDN000183100,2022-06-10,674.0153
1089285,IDN000183100,2022-06-13,670.2756
1091494,IDN000183100,2022-06-14,671.8445
1092497,IDN000183100,2022-06-15,676.1095
1094176,IDN000183100,2022-06-16,684.5259
1095708,IDN000183100,2022-06-17,671.0899
1097981,IDN000183100,2022-06-20,665.2606
1098740,IDN000183100,2022-06-21,670.7756
1101330,IDN000183100,2022-06-22,667.5004
1102718,IDN000183100,2022-06-23,673.5863
1104397,IDN000183100,2022-06-24,673.2083
1105638,IDN000183100,2022-06-27,675.1025
1106790,IDN000183100,2022-06-28,674.5073
1108962,IDN000183100,2022-06-29,669.0624
1110576,IDN000183100,2022-06-30,673.8955
1111247,IDN000183100,2022-07-01,649.629
1113430,IDN000183100,2022-07-04,637.4222
1115404,IDN000183100,2022-07-05,634.9255
1116626,IDN000183100,2022-07-06,628.5455
1118432,IDN000183100,2022-07-07,640.8348
1118936,IDN000183100,2022-07-08,640.03
1120808,IDN000183100,2022-07-11,642.9987
1123032,IDN000183100,2022-07-12,645.433
1124707,IDN000183100,2022-07-13,649.9399
1126264,IDN000183100,2022-07-14,661.7833
1127500,IDN000183100,2022-07-15,657.8168
1128624,IDN000183100,2022-07-18,656.9914
1130419,IDN000183100,2022-07-19,662.4089
1131822,IDN000183100,2022-07-20,668.825
1134107,IDN000183100,2022-07-21,671.0213
1134498,IDN000183100,2022-07-22,669.355
1136641,IDN000183100,2022-07-25,667.669
1138583,IDN000183100,2022-07-26,659.3866
1139381,IDN000183100,2022-07-27,662.0062
1141872,IDN000183100,2022-07-28,673.7393
1142239,IDN000183100,2022-07-29,679.1053
1143683,IDN000183100,2022-08-01,679.0128
1145309,IDN000183100,2022-08-02,676.8662
1147804,IDN000183100,2022-08-03,683.673
1148356,IDN000183100,2022-08-04,690.7185
1150846,IDN000183100,2022-08-05,685.645
1151603,IDN000183100,2022-08-08,687.872
1153118,IDN000183100,2022-08-09,685.9595
1154670,IDN000183100,2022-08-10,688.0037
1156279,IDN000183100,2022-08-11,687.7056
1158798,IDN000183100,2022-08-12,680.4007
1160056,IDN000183100,2022-08-15,673.8126
1161703,IDN000183100,2022-08-16,668.9564
1163347,IDN000183100,2022-08-18,666.1862
1164895,IDN000183100,2022-08-19,658.2496
1166103,IDN000183100,2022-08-22,654.7319
1167671,IDN000183100,2022-08-23,668.4417
1168700,IDN000183100,2022-08-24,662.8428
1171100,IDN000183100,2022-08-25,658.8076
1171531,IDN000183100,2022-08-26,658.9464
1173495,IDN000183100,2022-08-29,659.1712
1175504,IDN000183100,2022-08-30,663.0091
1176023,IDN000183100,2022-08-31,664.7317
1178624,IDN000183100,2022-09-01,653.1201
1179222,IDN000183100,2022-09-02,658.3925
1181148,IDN000183100,2022-09-05,659.1814
1182448,IDN000183100,2022-09-06,661.5238
1184496,IDN000183100,2022-09-07,656.3201
1186551,IDN000183100,2022-09-08,666.5668
1187830,IDN000183100,2022-09-09,677.3179
1189195,IDN000183100,2022-09-12,680.6955
1190825,IDN000183100,2022-09-13,673.1263
1191539,IDN000183100,2022-09-14,677.7662
1192973,IDN000183100,2022-09-15,677.0507
1194507,IDN000183100,2022-09-16,667.0825
1196160,IDN000183100,2022-09-19,671.3325
1198873,IDN000183100,2022-09-20,674.2248
1199954,IDN000183100,2022-09-21,679.3623
1201607,IDN000183100,2022-09-22,683.5115
1203220,IDN000183100,2022-09-23,679.3474
1203775,IDN000183100,2022-09-26,672.7081
1205340,IDN000183100,2022-09-27,666.8676
1207936,IDN000183100,2022-09-28,660.2974
1209272,IDN000183100,2022-09-29,652.8542
1209880,IDN000183100,2022-09-30,652.3591
1212630,IDN000183100,2022-10-03,647.5945
1213769,IDN000183100,2022-10-04,654.1308
1215249,IDN000183100,2022-10-05,660.7694
1216657,IDN000183100,2022-10-06,660.5176
1217564,IDN000183100,2022-10-07,656.9047
1220277,IDN000183100,2022-10-10,648.2357
1220627,IDN000183100,2022-10-11,657.0655
1222102,IDN000183100,2022-10-12,655.481
1223711,IDN000183100,2022-10-13,648.6578
1226223,IDN000183100,2022-10-14,649.8355
1227204,IDN000183100,2022-10-17,650.4288
1229426,IDN000183100,2022-10-18,647.745
1230674,IDN000183100,2022-10-19,648.8559
1232117,IDN000183100,2022-10-20,648.6137
1232775,IDN000183100,2022-10-21,650.5036
1234280,IDN000183100,2022-10-24,650.4794
1236681,IDN000183100,2022-10-25,642.3007
1238122,IDN000183100,2022-10-26,645.1559
1239831,IDN000183100,2022-10-27,654.7439
1241427,IDN000183100,2022-10-28,651.4101
1243134,IDN000183100,2022-10-31,663.6693
1243996,IDN000183100,2022-11-01,647.9213
1245947,IDN000183100,2022-11-02,643.9153
1246555,IDN000183100,2022-11-03,650.229
1248126,IDN000183100,2022-11-04,648.2582
1249826,IDN000183100,2022-11-07,642.4494
1252241,IDN000183100,2022-11-08,639.0744
1253263,IDN000183100,2022-11-09,634.5076
1255115,IDN000183100,2022-11-10,630.009
1256298,IDN000183100,2022-11-11,638.4924
1257135,IDN000183100,2022-11-14,635.3101
1258901,IDN000183100,2022-11-15,649.3121
1260907,IDN000183100,2022-11-16,648.7121
1262735,IDN000183100,2022-11-17,640.2568
1263160,IDN000183100,2022-11-18,640.7899
1264461,IDN000183100,2022-11-21,639.2052
1265988,IDN000183100,2022-11-22,634.4636
1268291,IDN000183100,2022-11-23,633.68
1268948,IDN000183100,2022-11-24,634.2218
1271254,IDN000183100,2022-11-25,634.098
1272674,IDN000183100,2022-11-28,632.5293
1274036,IDN000183100,2022-11-29,636.0214
1276014,IDN000183100,2022-11-30,639.6803
1277243,IDN000183100,2022-12-01,641.8584
1277980,IDN000183100,2022-12-02,641.7556
1279811,IDN000183100,2022-12-05,631.7179
1280791,IDN000183100,2022-12-06,625.1667
1282259,IDN000183100,2022-12-07,625.5425
1284535,IDN000183100,2022-12-08,624.3046
1285247,IDN000183100,2022-12-09,620.1166
1287424,IDN000183100,2022-12-12,629.6253
1288809,IDN000183100,2022-12-13,631.595
1290113,IDN000183100,2022-12-14,629.4946
1291704,IDN000183100,2022-12-15,626.6685
1293401,IDN000183100,2022-12-16,627.0274
1294206,IDN000183100,2022-12-19,619.0577
1295651,IDN000183100,2022-12-20,618.342
1297054,IDN000183100,2022-12-21,621.2592
1298583,IDN000183100,2022-12-22,624.0656
1300860,IDN000183100,2022-12-23,627.8348
1302181,IDN000183100,2022-12-26,625.5996
1303764,IDN000183100,2022-12-27,624.7851
1304437,IDN000183100,2022-12-28,622.4058
1307110,IDN000183100,2022-12-29,627.4846
1308486,IDN000183100,2022-12-30,626.4057
1309029,IDN000183100,2023-01-02,625.7174
1310207,IDN000183100,2023-01-03,625.6327
1311822,IDN000183100,2023-01-04,610.7513
1314344,IDN000183100,2023-01-05,599.4815
1314750,IDN000183100,2023-01-06,607.9472
1317273,IDN000183100,2023-01-09,605.3957
1318530,IDN000183100,2023-01-10,603.589
1320009,IDN000183100,2023-01-11,604.8213
1320572,IDN000183100,2023-01-12,611.6348
1321982,IDN000183100,2023-01-13,613.2451
1323423,IDN000183100,2023-01-16,611.6886
1324870,IDN000183100,2023-01-17,616.2026
1327184,IDN000183100,2023-01-18,618.0991
1328738,IDN000183100,2023-01-19,635.1013
1329218,IDN000183100,2023-01-20,640.0589
1330649,IDN000183100,2023-01-24,642.7508
1333042,IDN000183100,2023-01-25,650.8124
1333600,IDN000183100,2023-01-26,665.1908
1335822,IDN000183100,2023-01-27,667.8914
1337130,IDN000183100,2023-01-30,665.1404
1338689,IDN000183100,2023-01-31,653.9618
1339987,IDN000183100,2023-02-01,683.921
1340842,IDN000183100,2023-02-02,682.1119
1342357,IDN000183100,2023-02-03,674.7726
1343679,IDN000183100,2023-02-06,678.3878
1345154,IDN000183100,2023-02-07,676.0789
1346583,IDN000183100,2023-02-08,666.7703
1348872,IDN000183100,2023-02-09,653.9652
1349536,IDN000183100,2023-02-10,650.0489
1350950,IDN000183100,2023-02-13,651.9477
1353126,IDN000183100,2023-02-14,658.4268
1354974,IDN000183100,2023-02-15,656.6219
1355306,IDN000183100,2023-02-16,663.957
1356740,IDN000183100,2023-02-17,655.7151
1358882,IDN000183100,2023-02-20,652.8083
1359597,IDN000183100,2023-02-21,656.3682
1361055,IDN000183100,2023-02-22,653.1
1363248,IDN000183100,2023-02-23,661.2362
1363960,IDN000183100,2023-02-24,670.8472
1365307,IDN000183100,2023-02-27,676.7527
1367692,IDN000183100,2023-02-28,677.3825
1369195,IDN000183100,2023-03-01,670.2614
1369690,IDN000183100,2023-03-02,668.6035
1371718,IDN000183100,2023-03-03,664.3449
1373337,IDN000183100,2023-03-06,652.6291
1374006,IDN000183100,2023-03-07,651.807
1376429,IDN000183100,2023-03-08,651.8502
1377913,IDN000183100,2023-03-09,654.2041
1379212,IDN000183100,2023-03-10,656.414
1380573,IDN000183100,2023-03-13,645.732
1382339,IDN000183100,2023-03-14,635.2579
1383335,IDN000183100,2023-03-15,635.465
1384072,IDN000183100,2023-03-16,624.5551
1386267,IDN000183100,2023-03-17,630.4872
1387709,IDN000183100,2023-03-20,626.4556
1389298,IDN000183100,2023-03-21,633.9328
1390536,IDN000183100,2023-03-24,650.7201
1392239,IDN000183100,2023-03-27,646.1834
1393282,IDN000183100,2023-03-28,650.259
1394958,IDN000183100,2023-03-29,661.0958
1395441,IDN000183100,2023-03-30,656.4688
1397800,IDN000183100,2023-03-31,660.0743
1398876,IDN000183100,2023-04-03,653.2395
1400408,IDN000183100,2023-04-04,646.2355
1402062,IDN000183100,2023-04-05,650.0829
1403562,IDN000183100,2023-04-06,649.1783
1405093,IDN000183100,2023-04-10,649.8873
1406472,IDN000183100,2023-04-11,658.3923
1407927,IDN000183100,2023-04-12,658.5787
1408814,IDN000183100,2023-04-13,663.8821
1410330,IDN000183100,2023-04-14,666.8496
1411656,IDN000183100,2023-04-17,668.6641
1413324,IDN000183100,2023-04-18,670.926
1414579,IDN000183100,2023-04-26,685.1009
1416010,IDN000183100,2023-04-27,681.3675
1417810,IDN000183100,2023-04-28,691.2993
1418507,IDN000183100,2023-05-02,679.8221
1420088,IDN000183100,2023-05-03,672.2157
1420947,IDN000183100,2023-05-04,670.5346
1423276,IDN000183100,2023-05-05,663.0051
1424382,IDN000183100,2023-05-08,665.9837
1426059,IDN000183100,2023-05-09,666.277
1427406,IDN000183100,2023-05-10,668.644
1427983,IDN000183100,2023-05-11,661.9177
1430344,IDN000183100,2023-05-12,654.8356
1431475,IDN000183100,2023-05-15,657.8335
1433188,IDN000183100,2023-05-16,644.4677
1434797,IDN000183100,2023-05-17,645.5947
1436207,IDN000183100,2023-05-19,641.3794
1437196,IDN000183100,2023-05-22,642.8436
1437886,IDN000183100,2023-05-23,639.5482
1440264,IDN000183100,2023-05-24,645.8983
1441626,IDN000183100,2023-05-25,647.8636
1443227,IDN000183100,2023-05-26,645.236
1444616,IDN000183100,2023-05-29,646.9058
1444979,IDN000183100,2023-05-30,644.995
1446387,IDN000183100,2023-05-31,638.1439
1448515,IDN000183100,2023-06-05,628.7715
1450217,IDN000183100,2023-06-06,635.3825
1451347,IDN000183100,2023-06-07,639.6997
1452087,IDN000183100,2023-06-08,634.0576
1454229,IDN000183100,2023-06-09,635.7548
1455910,IDN000183100,2023-06-12,641.8933
1457464,IDN000183100,2023-06-13,639.0961
1458409,IDN000183100,2023-06-14,644.9449
1459187,IDN000183100,2023-06-15,647.9549
1461301,IDN000183100,2023-06-16,646.8573
1462918,IDN000183100,2023-06-19,649.2741
1463478,IDN000183100,2023-06-20,646.154
1465594,IDN000183100,2023-06-21,647.4424
1467049,IDN000183100,2023-06-22,644.5665
1468693,IDN000183100,2023-06-23,642.8796
1470308,IDN000183100,2023-06-26,643.7654
1471750,IDN000183100,2023-06-27,648.0688
1473063,IDN000183100,2023-07-03,647.8862
1474189,IDN000183100,2023-07-04,644.0365
1475544,IDN000183100,2023-07-05,642.5903
1477160,IDN000183100,2023-07-06,641.4734
1478872,IDN000183100,2023-07-07,642.9671
1480151,IDN000183100,2023-07-10,645.6354
1481273,IDN000183100,2023-07-11,650.4518
1483069,IDN000183100,2023-07-12,647.2718
1483426,IDN000183100,2023-07-13,649.1387
1485828,IDN000183100,2023-07-14,645.6235
1486712,IDN000183100,2023-07-17,647.8115
1487710,IDN000183100,2023-07-18,647.3142
1489953,IDN000183100,2023-07-20,644.6145
1491689,IDN000183100,2023-07-21,643.6835
1492966,IDN000183100,2023-07-24,645.5326
1493374,IDN000183100,2023-07-25,643.5493
1495665,IDN000183100,2023-07-26,647.6756
1497224,IDN000183100,2023-07-27,647.2907
1498666,IDN000183100,2023-07-28,647.1985
1500016,IDN000183100,2023-07-31,652.0332
1501160,IDN000183100,2023-08-01,641.9389
1501876,IDN000183100,2023-08-02,634.8714
1503927,IDN000183100,2023-08-03,635.8515
1504747,IDN000183100,2023-08-04,636.3913
1507170,IDN000183100,2023-08-07,633.1668
1507558,IDN000183100,2023-08-08,632.9199
1509775,IDN000183100,2023-08-09,629.2003
1511200,IDN000183100,2023-08-10,628.7392
1511827,IDN000183100,2023-08-11,643.1286
1513995,IDN000183100,2023-08-14,649.5448
1515501,IDN000183100,2023-08-15,653.9142
1516758,IDN000183100,2023-08-16,654.6576
1518434,IDN000183100,2023-08-18,647.6494
1519643,IDN000183100,2023-08-21,644.5728
1520878,IDN000183100,2023-08-22,647.8712
1522600,IDN000183100,2023-08-23,651.1399
1524062,IDN000183100,2023-08-24,665.6225
1525514,IDN000183100,2023-08-25,666.0669
1527056,IDN000183100,2023-08-28,673.7401
1528386,IDN000183100,2023-08-29,676.5634
1529615,IDN000183100,2023-08-30,679.8043
1531245,IDN000183100,2023-08-31,678.3036
1532682,IDN000183100,2023-09-01,691.4817
1533884,IDN000183100,2023-09-04,688.6982
1535155,IDN000183100,2023-09-05,680.435
1537213,IDN000183100,2023-09-06,682.1425
1537586,IDN000183100,2023-09-07,678.4582
1539671,IDN000183100,2023-09-08,676.7011
1541188,IDN000183100,2023-09-11,682.0132
1541772,IDN000183100,2023-09-12,680.9841
1545254,IDN000183100,2023-09-13,687.508
1546739,IDN000183100,2023-09-14,700.5265
1548216,IDN000183100,2023-09-15,730.5412
1549881,IDN000183100,2023-09-18,729.8128
1551080,IDN000183100,2023-09-19,728.3863
1551737,IDN000183100,2023-09-20,730.2035
1554189,IDN000183100,2023-09-21,732.607
1554611,IDN000183100,2023-09-22,730.8604
1556522,IDN000183100,2023-09-25,728.7088
1558152,IDN000183100,2023-09-26,713.8694
1559485,IDN000183100,2023-09-27,721.1181
1561098,IDN000183100,2023-09-29,714.9019
1562602,IDN000183100,2023-10-02,718.9017
1564171,IDN000183100,2023-10-03,716.7675
1565118,IDN000183100,2023-10-04,707.607
1566034,IDN000183100,2023-10-05,711.5574
1568428,IDN000183100,2023-10-06,723.3094
1569657,IDN000183100,2023-10-09,718.4014
1571442,IDN000183100,2023-10-10,708.1396
1571791,IDN000183100,2023-10-11,714.8674
1574137,IDN000183100,2023-10-12,702.3362
1575353,IDN000183100,2023-10-13,704.579
1576636,IDN000183100,2023-10-16,697.845
1578213,IDN000183100,2023-10-17,708.8569
1579601,IDN000183100,2023-10-18,707.893
1580298,IDN000183100,2023-10-19,690.0524
1581598,IDN000183100,2023-10-20,690.6315
1583956,IDN000183100,2023-10-23,687.9522
1584581,IDN000183100,2023-10-24,692.7322
1585931,IDN000183100,2023-10-25,691.8672
1587983,IDN000183100,2023-10-26,687.0317
1589445,IDN000183100,2023-10-27,692.2152
1590921,IDN000183100,2023-10-30,690.7171
1592578,IDN000183100,2023-10-31,710.2398
1593848,IDN000183100,2023-11-01,701.224
1594457,IDN000183100,2023-11-02,700.3319
1595870,IDN000183100,2023-11-03,709.1865
1598260,IDN000183100,2023-11-06,710.795
1599751,IDN000183100,2023-11-07,707.2499
1600147,IDN000183100,2023-11-08,700.7193
1602478,IDN000183100,2023-11-09,706.5015
1602945,IDN000183100,2023-11-10,708.3156
1605420,IDN000183100,2023-11-13,705.9625
1606772,IDN000183100,2023-11-14,710.8249
1607829,IDN000183100,2023-11-15,711.762
1609623,IDN000183100,2023-11-16,719.5083
1611169,IDN000183100,2023-11-17,711.804
1611471,IDN000183100,2023-11-20,714.5416
1613579,IDN000183100,2023-11-21,709.4936
1615142,IDN000183100,2023-11-22,706.0126
1615743,IDN000183100,2023-11-23,708.5564
1617082,IDN000183100,2023-11-24,707.0717
1618472,IDN000183100,2023-11-27,704.065
1620783,IDN000183100,2023-11-28,708.4055
1621416,IDN000183100,2023-11-29,712.9843
1623650,IDN000183100,2023-11-30,715.6471
1625102,IDN000183100,2023-12-01,710.9205
1626190,IDN000183100,2023-12-04,710.5696
1627686,IDN000183100,2023-12-05,718.2166
1628473,IDN000183100,2023-12-06,733.3906
1629890,IDN000183100,2023-12-07,762.0705
1631286,IDN000183100,2023-12-08,788.1878
1633343,IDN000183100,2023-12-11,781.4308
1635029,IDN000183100,2023-12-12,782.9724
1636677,IDN000183100,2023-12-13,780.3549
1637483,IDN000183100,2023-12-14,785.3607
1639343,IDN000183100,2023-12-15,789.5524
1639655,IDN000183100,2023-12-18,788.4461
1641918,IDN000183100,2023-12-19,798.6662
1643365,IDN000183100,2023-12-20,805.2018
1644603,IDN000183100,2023-12-21,806.6313
1645883,IDN000183100,2023-12-22,810.7476
1647108,IDN000183100,2023-12-27,812.7259
1649315,IDN000183100,2023-12-28,814.3684
1650046,IDN000183100,2023-12-29,803.6659
1651383,IDN000183100,2024-01-02,809.2641
1653530,IDN000183100,2024-01-03,813.8306
1654648,IDN000183100,2024-01-04,817.7926
1655880,IDN000183100,2024-01-05,815.1657
1657480,IDN000183100,2024-01-08,804.4416
1658760,IDN000183100,2024-01-09,784.0288
1660687,IDN000183100,2024-01-10,786.7137
1660933,IDN000183100,2024-01-11,779.6952
1663397,IDN000183100,2024-01-12,766.302
1664462,IDN000183100,2024-01-15,757.6799
1665192,IDN000183100,2024-01-16,766.2319
1666549,IDN000183100,2024-01-17,760.9682
1668076,IDN000183100,2024-01-18,784.0996
1669482,IDN000183100,2024-01-19,784.814
1672058,IDN000183100,2024-01-22,800.1141
1672345,IDN000183100,2024-01-23,810.463
1673824,IDN000183100,2024-01-24,804.497
1675173,IDN000183100,2024-01-25,803.6771
1677537,IDN000183100,2024-01-26,799.7198
1678004,IDN000183100,2024-01-29,802.6443
1679360,IDN000183100,2024-01-30,800.7154
1680805,IDN000183100,2024-01-31,804.2794
1683052,IDN000183100,2024-02-01,803.3083
1684383,IDN000183100,2024-02-02,803.8483
1685075,IDN000183100,2024-02-05,800.666
1687283,IDN000183100,2024-02-06,805.8118
1688784,IDN000183100,2024-02-07,797.1283
1689693,IDN000183100,2024-02-12,805.1969
1691594,IDN000183100,2024-02-13,776.0778
1692960,IDN000183100,2024-02-15,780.4973
1694456,IDN000183100,2024-02-16,797.5698
1695831,IDN000183100,2024-02-19,798.6051
1696512,IDN000183100,2024-02-20,809.733
1698760,IDN000183100,2024-02-21,813.4882
1700379,IDN000183100,2024-02-22,815.8658
1700652,IDN000183100,2024-02-23,819.1665
1702099,IDN000183100,2024-02-26,825.2052
1703447,IDN000183100,2024-02-27,830.1896
1705804,IDN000183100,2024-02-28,828.831
1706299,IDN000183100,2024-02-29,831.8116
1708759,IDN000183100,2024-03-01,834.3163
1709120,IDN000183100,2024-03-04,841.81
1710556,IDN000183100,2024-03-05,839.2423
1711969,IDN000183100,2024-03-06,851.0511
1713401,IDN000183100,2024-03-07,868.1204
1715620,IDN000183100,2024-03-08,875.5448
1716149,IDN000183100,2024-03-13,934.9644
1717660,IDN000183100,2024-03-14,937.6946
1719063,IDN000183100,2024-03-15,944.2515
1720449,IDN000183100,2024-03-18,936.1855
1721877,IDN000183100,2024-03-19,934.0004
1723279,IDN000183100,2024-03-20,955.3964
1724680,IDN000183100,2024-03-21,955.9634
1727135,IDN000183100,2024-03-22,954.7458
1727437,IDN000183100,2024-03-25,960.8693
1728877,IDN000183100,2024-03-26,959.6261
1730270,IDN000183100,2024-03-27,948.5883
1731661,IDN000183100,2024-03-28,951.1586
1733048,IDN000183100,2024-04-01,957.4317
1734442,IDN000183100,2024-04-02,981.565
1735857,IDN000183100,2024-04-03,987.3596
1737256,IDN000183100,2024-04-04,1003.376
1738642,IDN000183100,2024-04-05,1010.7007
1740486,IDN000183100,2024-04-16,1024.7389
1741341,IDN000183100,2024-04-17,1009.2925
1742729,IDN000183100,2024-04-18,1009.9032
1744139,IDN000183100,2024-04-19,989.3556
1746141,IDN000183100,2024-04-22,993.694
1747528,IDN000183100,2024-04-23,1004.3001
1748362,IDN000183100,2024-04-24,1004.3981
1749760,IDN000183100,2024-04-25,1001.4306
1752066,IDN000183100,2024-04-26,992.0163
1753255,IDN000183100,2024-04-29,1003.3722
1754994,IDN000183100,2024-04-30,1007.7769
1756008,IDN000183100,2024-05-02,1004.517
1756686,IDN000183100,2024-05-03,1007.8094
1758146,IDN000183100,2024-05-06,1014.713
1759580,IDN000183100,2024-05-07,1016.0733
1761823,IDN000183100,2024-05-08,1021.6017
1762355,IDN000183100,2024-05-13,1027.9313
1763763,IDN000183100,2024-05-14,1035.0695
1766100,IDN000183100,2024-05-15,1042.0191
1767233,IDN000183100,2024-05-16,1034.2059
1769019,IDN000183100,2024-05-17,1038.9392
1769363,IDN000183100,2024-05-20,1025.4227
1771669,IDN000183100,2024-05-21,1022.092
1773016,IDN000183100,2024-05-22,1027.4235
1773505,IDN000183100,2024-05-27,1029.6625
1775106,IDN000183100,2024-05-28,1043.2236
1776517,IDN000183100,2024-05-29,1040.5306
1777905,IDN000183100,2024-05-30,1035.0688
1780324,IDN000183100,2024-05-31,1033.1471
1781606,IDN000183100,2024-06-03,1039.7885
1783042,IDN000183100,2024-06-04,1039.7754
1784415,IDN000183100,2024-06-05,1026.1984
1786080,IDN000183100,2024-06-06,1026.0387
1786451,IDN000183100,2024-06-07,1028.8803
1788709,IDN000183100,2024-06-10,1025.8573
1789186,IDN000183100,2024-06-11,1018.7065
1791158,IDN000183100,2024-06-12,1011.7107
1792781,IDN000183100,2024-06-13,1009.6371
1793825,IDN000183100,2024-06-14,986.0718
1795171,IDN000183100,2024-06-19,980.2271
1797096,IDN000183100,2024-06-20,988.6026
1798500,IDN000183100,2024-06-21,996.8565
1800161,IDN000183100,2024-06-24,999.9856
1801346,IDN000183100,2024-06-25,1002.245
1802584,IDN000183100,2024-06-26,1003.1263
1804343,IDN000183100,2024-06-27,1002.6779
1805607,IDN000183100,2024-06-28,1008.787
1806754,IDN000183100,2024-07-01,1016.0539
1807564,IDN000183100,2024-07-02,1015.0013
1810068,IDN000183100,2024-07-03,1016.5791
1811247,IDN000183100,2024-07-04,1017.6102
1812611,IDN000183100,2024-07-05,1011.6277
1814207,IDN000183100,2024-07-08,1023.2998
1815187,IDN000183100,2024-07-09,1018.1106
1816925,IDN000183100,2024-07-10,1014.5551
1818288,IDN000183100,2024-07-11,1015.6951
1819975,IDN000183100,2024-07-12,1018.4197
1820301,IDN000183100,2024-07-15,1019.2035
1822469,IDN000183100,2024-07-16,1014.9579
1824259,IDN000183100,2024-07-17,1024.0347
1825644,IDN000183100,2024-07-18,1020.7739
1825966,IDN000183100,2024-07-19,1017.4783
1827359,IDN000183100,2024-07-22,1020.5876
1829688,IDN000183100,2024-07-23,1019.1278
1830208,IDN000183100,2024-07-24,1018.0878
1832427,IDN000183100,2024-07-25,1013.3555
1834180,IDN000183100,2024-07-26,1015.8829
1834471,IDN000183100,2024-07-29,1015.8362
1836697,IDN000183100,2024-07-30,1019.3791
1838120,IDN000183100,2024-07-31,1034.6254
1839641,IDN000183100,2024-08-01,1038.5224
1840958,IDN000183100,2024-08-02,1035.2088
1842462,IDN000183100,2024-08-05,993.8826
1843754,IDN000183100,2024-08-06,1007.9783
1845135,IDN000183100,2024-08-07,1015.0784
1846502,IDN000183100,2024-08-08,1011.1453
1847275,IDN000183100,2024-08-09,1019.4432
1849642,IDN000183100,2024-08-12,1022.6081
1850892,IDN000183100,2024-08-13,1023.4337
1852560,IDN000183100,2024-08-14,1026.8476
1853680,IDN000183100,2024-08-15,1021.2975
1855368,IDN000183100,2024-08-16,1028.4022
1857010,IDN000183100,2024-08-19,1024.4882
1857278,IDN000183100,2024-08-20,1027.875
1859632,IDN000183100,2024-08-21,1028.0094
1860952,IDN000183100,2024-08-22,1018.6694
1862494,IDN000183100,2024-08-23,1028.9621
1864012,IDN000183100,2024-08-26,1033.6205
1864464,IDN000183100,2024-08-27,1042.1586
1865917,IDN000183100,2024-08-28,1046.7875
1867348,IDN000183100,2024-08-29,1048.9073
1868759,IDN000183100,2024-08-30,1057.3237
1870165,IDN000183100,2024-09-02,1074.9973
1872267,IDN000183100,2024-09-03,1063.9204
1873051,IDN000183100,2024-09-04,1055.6737
1874466,IDN000183100,2024-09-05,1079.4129
1877049,IDN000183100,2024-09-06,1070.959
1877346,IDN000183100,2024-09-09,1075.8435
1878783,IDN000183100,2024-09-10,1079.6604
1881114,IDN000183100,2024-09-11,1084.5383
1881675,IDN000183100,2024-09-12,1113.5193
1883071,IDN000183100,2024-09-13,1095.8931
1885106,IDN000183100,2024-09-17,1094.3406
1886678,IDN000183100,2024-09-18,1079.3027
1887361,IDN000183100,2024-09-19,1098.156
1889581,IDN000183100,2024-09-20,1083.3164
1890168,IDN000183100,2024-09-23,1074.0356
1891620,IDN000183100,2024-09-24,1073.2685
1893963,IDN000183100,2024-09-25,1080.693
1894439,IDN000183100,2024-09-26,1096.3169
1895872,IDN000183100,2024-09-27,1098.072
1897978,IDN000183100,2024-09-30,1083.9127
1899189,IDN000183100,2024-10-01,1091.9321
1900881,IDN000183100,2024-10-02,1069.4347
1901573,IDN000183100,2024-10-03,1065.284
1902996,IDN000183100,2024-10-04,1061.0721
1904395,IDN000183100,2024-10-07,1062.2258
1905835,IDN000183100,2024-10-08,1053.5588
1907286,IDN000183100,2024-10-09,1052.5199
1908706,IDN000183100,2024-10-10,1049.2071
1910137,IDN000183100,2024-10-11,1057.6617
1911492,IDN000183100,2024-10-14,1054.6666
1912934,IDN000183100,2024-10-15,1058.8243
1914396,IDN000183100,2024-10-16,1064.735
1915813,IDN000183100,2024-10-17,1065.5589
1917965,IDN000183100,2024-10-18,1067.7573
1918674,IDN000183100,2024-10-21,1070.6816
1920916,IDN000183100,2024-10-22,1072.2532
1922431,IDN000183100,2024-10-23,1067.7384
1922939,IDN000183100,2024-10-24,1060.8742
1924417,IDN000183100,2024-10-25,1050.0633
1926771,IDN000183100,2024-10-28,1047.8211
1927978,IDN000183100,2024-10-29,1047.3956
1928660,IDN000183100,2024-10-30,1051.2107
1930635,IDN000183100,2024-10-31,1047.0098
1931508,IDN000183100,2024-11-01,1041.528
1932930,IDN000183100,2024-11-04,1031.8273
1934364,IDN000183100,2024-11-05,1032.3566
1936602,IDN000183100,2024-11-06,1019.0642
1937181,IDN000183100,2024-11-07,1008.6417
